Name,Brand,Random
Evidence Industry Action,We Great Always,Water Family Suggest
Method New Book,Computer Need Word,Process Recent Tree
Than Factor Business,Heart Night Before,Son Against House
What Yes Region,Own Term Administration,Accept Out Decide
Rather What Past,Company Stage Picture,Health Source Part
Scientist Sister Parent,Chair Industry Just,Old Evening Collection
Place Last Treatment,Professional Item Hold,Power Wait Test
Fact Entire Agree,Relate Behavior Everyone,Important List Answer
Consider View Financial,That Five Writer,Grow Training Clear
Sell Moment Something,Evening Difference Main,Them Natural Another
Defense Section Situation,Fall House Statement,Explain Toward Model
Think Guess Summer,She Fact Size,Reason Seek Class
Thank Simple Ability,Parent Glass Film,Provide Computer Call
Prevent Shake Likely,Claim Certainly Goal,About Nor Woman
Toward Hundred Station,Trouble Dream Position,Arm Room Range
Produce Mention Yes,Job Quite Under,Its Clearly Book
Our Modern Them,During Artist Plant,Case Image View
Likely Citizen Issue,Scientist List Into,Special College Direction
Might See Foot,Protect Sometimes Fall,Itself Center Paper
Would People Mother,Risk Let Way,Purpose Especially Car
World Hope Occur,Anything Station Inside,Sport Cost Yourself
Face Mr Pattern,Cell Out Tax,Customer Small Public
Happen City Education,Board Team Perhaps,No Manager Great
Born She Rise,Vote Oil Power,Forward Guess Maintain
Democrat Stand Poor,Economic Media Already,Well Surface Relate
Effect At Partner,Majority Senior Black,Art Improve Fund
Fly Gun Certain,Already Sense Feel,Particular Generation During
Practice Else Democratic,Eye Join Through,Production Foot Foreign
On Environment Vote,People Health End,Among Able Threat
Avoid Full When,Pull Certainly Soon,Job May Evening
Economic Simply Particularly,View Protect Those,Article Practice Enter
Man Well Day,Option Sit Performance,Specific Pick Create
Since But Significant,Too Mouth Mrs,Force Finally Society
Sense Network Child,Staff Who What,Chair Wait Difference
Speak Clear Pull,Little Suggest Specific,Week Similar Ready
He Traditional Media,Brother Whether Continue,Executive Mention Entire
Show Pull Call,Toward Security Ago,Policy Note Remain
Popular Organization Indeed,On Share Population,Play Partner Sign
Gas Help Be,Notice System Nation,Million Focus Surface
Degree Agreement Area,Seat Few Move,Alone American Upon
Choice Its Fire,Score Today Yet,Win Market Receive
East Bit Your,Cut Tonight Every,Pattern Cup Bring
Design Put Prevent,Wrong Boy Knowledge,Behavior Act Hair
About Buy Story,Any Practice Actually,When Perhaps Oil
Technology Item Politics,Remain Ever Language,Cost Family Behind
Man Year Test,Source New Leg,Under Unit Land
Action Explain Plan,Interview Their Quite,Big Bag Money
Rest Enjoy Claim,Add Agreement High,Look People Employee
Dream And Film,Kind Edge Sometimes,Rest Suffer Visit
School Always Old,Business Continue Before,Billion Daughter Check
Such Challenge Price,Social Nation Me,Read Exactly Financial
High Evidence Nice,Skin Now Week,Far Similar Such
Character Outside Message,Loss Available Like,Better According Hit
Child Report Than,Radio Congress Its,Put History Culture
Fight Store Day,Own Bag Professor,Own See Phone
Fish Crime Leave,Consider Them Son,Then Act Win
Garden Personal Put,Keep Or Important,Between Simply Trip
Time Yes Third,Available Bed Whom,One Amount Natural
Blood Build Million,Group Prepare Letter,Consider Benefit Organization
Experience Able Position,Prepare Interest Agree,Lay Process Deal
Interview Seem Agency,Administration Move Front,Style Consumer Section
Attention Rise Letter,Past Box Point,Future Six Detail
Amount Store Can,Give Institution Family,Tree Decide Report
Tough Build Without,Law Audience Consider,Public Before Special
Accept Read Hit,Writer Sort Choice,Right Thank Decide
History Soon Nice,All Could Democratic,Place Off Cell
Sea Popular Culture,Do Compare Bank,Mother Number Everyone
While Building Least,Suddenly As Wall,Score Defense Fill
Suffer Prepare If,Beat Consider Democratic,Responsibility Dream Per
Foot Woman Take,Better South Happen,Live Door Involve
Scientist Dream Single,Let Young Media,Realize Expect Concern
By Color Economy,Court Wear Since,Why Laugh Couple
Participant When Role,Us Law Dog,Common Still Tonight
Play Start This,Movement Trouble Both,Important Leave Page
Main Mr Model,College Cell Music,Their Prepare Land
Conference Join Course,Capital Fall Business,Test Admit Child
Candidate State Important,Forget Mr Source,Finally Tough Government
Current Mention Similar,Knowledge Open Simple,Politics See Value
College At Media,Buy Development Least,Model Respond Forget
Research Training Development,Indicate Few Make,Note System Child
Entire Teach Case,Four Weight Eight,Card Officer Gun
Able Sure On,Seven Must Opportunity,Raise Experience Soldier
Of Prove True,Field Wrong Main,Pass Every Real
Back Thought Year,View Campaign Power,Interesting Father Away
Population Teach Treat,Themselves Draw Large,Receive White Friend
Boy Hard Maintain,Born How Fund,Wait Wonder Enough
Nearly Statement Boy,Business Him Occur,Prevent Bag Author
You Energy Finally,Quality Detail Mother,Act Yeah Husband
Movement Close Keep,Among Still Home,Seek Serve Option
Indeed Central International,Rest Market Accept,Interest Friend Real
Feeling Light Again,Subject What Thus,Under Quite Cell
Force Herself True,Side Practice Through,Suffer Nothing Often
Tend Say Trip,Hold Build Performance,Rule Country Exactly
Century Seem Maybe,Plan Side Guy,Detail Each But
Who Tree Alone,However Let Evidence,White Per Sea
Involve Spring Quickly,Risk Fight New,Manager Western Throw
Live Drug Visit,Season Operation First,Enter Scene List
Radio Painting Mean,Everything Result If,Stop Weight Computer
Style Risk Reality,Also Reason See,Trip Best Indicate